{
    "John": [
        {
            "id": 1,
            "name": "Task 1",
            "completed": true,
            "created": "2025-11-21 17:25:28"
        },
        {
            "id": 2,
            "name": "Task 2",
            "completed": true,
            "created": "2025-11-21 19:10:19"
        }
    ],
    "edrian": [
        {
            "id": 1,
            "name": "mag valorant",
            "completed": true,
            "created": "2025-12-02 17:03:51"
        }
    ]
}