{
    "John": {
        "name": "patrick",
        "level": 1,
        "experience": 35,
        "health": 100,
        "stress": 0,
        "created": "2025-11-21 17:38:15",
        "last_updated": "2025-12-02 18:22:36",
        "status": "happy",
        "choice": 2
    },
    "Rikkue": {
        "name": "Pou",
        "level": 1,
        "experience": 0,
        "health": 100,
        "stress": 0,
        "created": "2025-11-21 19:14:08",
        "last_updated": "2025-11-21 19:14:08",
        "status": "happy"
    },
    "edrian": {
        "name": "yey",
        "level": 2,
        "experience": 10,
        "health": 100,
        "stress": 0,
        "created": "2025-11-21 17:58:38",
        "last_updated": "2025-12-02 18:17:31",
        "status": "happy",
        "choice": 3
    }
}